Aston Martin Vanquish,5.21,Crores,2018-01-18 04:22:14.869014
Aston Martin V8 Vantage,1.76,Crores,2018-01-18 04:22:14.869014
Aston Martin DB11,4.05,Crores,2018-01-18 04:22:14.869014
Aston Martin Rapide,3.88,Crores,2018-01-18 04:22:14.869014
Aston Martin V12 Vantage,3.6,Crores,2018-01-18 04:22:14.869014
Audi Q3,33.44,Lakhs,2018-01-18 04:22:15.624723
Audi A3,31.94,Lakhs,2018-01-18 04:22:15.624723
Audi A4,39.23,Lakhs,2018-01-18 04:22:15.624723
Audi Q7,71.13,Lakhs,2018-01-18 04:22:15.624723
Audi Q5,49.43,Lakhs,2018-01-18 04:22:15.624723
Audi R8,2.63,Crores,2018-01-18 04:22:15.624723
Audi A6,53.87,Lakhs,2018-01-18 04:22:15.624723
Audi A8 L,1.18,Crores,2018-01-18 04:22:15.624723
Audi A3 Cabriolet,49.37,Lakhs,2018-01-18 04:22:15.624723
Audi TT,65.49,Lakhs,2018-01-18 04:22:15.624723
Audi A5,54.13,Lakhs,2018-01-18 04:22:15.624723
Audi RS7 Sportback,1.65,Crores,2018-01-18 04:22:15.624723
Audi A5 Cabriolet,67.52,Lakhs,2018-01-18 04:22:15.624723
Audi RS6,1.59,Crores,2018-01-18 04:22:15.624723
Bentley Continental GT,3.12,Crores,2018-01-18 04:22:16.134582
Bentley Mulsanne,3.91,Crores,2018-01-18 04:22:16.134582
Bentley Bentayga,3.57,Crores,2018-01-18 04:22:16.134582
Bentley Continental Flying Spur,2.98,Crores,2018-01-18 04:22:16.134582
Bentley Continental GTC,3.45,Crores,2018-01-18 04:22:16.134582
BMW X1,32.4,Lakhs,2018-01-18 04:22:16.332436
BMW 5 Series,52,Lakhs,2018-01-18 04:22:16.332436
BMW 3 Series,37.8,Lakhs,2018-01-18 04:22:16.332436
BMW i8,2.62,Crores,2018-01-18 04:22:16.332436
BMW 7 Series,1.17,Crores,2018-01-18 04:22:16.332436
BMW X3,49.1,Lakhs,2018-01-18 04:22:16.332436
BMW 3 Series GT,47.71,Lakhs,2018-01-18 04:22:16.332436
BMW X5,74.7,Lakhs,2018-01-18 04:22:16.332436
BMW Z4,81.8,Lakhs,2018-01-18 04:22:16.332436
BMW X6,1.26,Crores,2018-01-18 04:22:16.332436
BMW M4,1.29,Crores,2018-01-18 04:22:16.332436
BMW M6,1.85,Crores,2018-01-18 04:22:16.332436
BMW 6 Series Gran Coupe,1.2,Crores,2018-01-18 04:22:16.332436
BMW M3,1.26,Crores,2018-01-18 04:22:16.332436
Bugatti Veyron,11.39,Crores,2018-01-18 04:22:16.610182
Chevrolet Cruze,13.73,Lakhs,2018-01-18 04:22:16.730900
Datsun GO Plus,3.84,Lakhs,2018-01-18 04:22:16.767182
Datsun GO,3.29,Lakhs,2018-01-18 04:22:16.767182
Datsun Redi-GO,2.41,Lakhs,2018-01-18 04:22:16.767182
DC Avanti,34.17,Lakhs,2018-01-18 04:22:16.781490
Eicher Polaris Multix,2.78,Lakhs,2018-01-18 04:22:16.808149
Ferrari 488,3.68,Crores,2018-01-18 04:22:16.863654
Ferrari F12berlinetta,4.48,Crores,2018-01-18 04:22:16.863654
Ferrari 458,3.87,Crores,2018-01-18 04:22:16.863654
Ferrari GTC4 Lusso,4.2,Crores,2018-01-18 04:22:16.863654
Ferrari California,3.13,Crores,2018-01-18 04:22:16.863654
Ferrari FF,3.79,Crores,2018-01-18 04:22:16.863654
Fiat Linea,7.19,Lakhs,2018-01-18 04:22:16.897903
Fiat Punto Evo,4.86,Lakhs,2018-01-18 04:22:16.897903
Fiat Avventura,7.17,Lakhs,2018-01-18 04:22:16.897903
Fiat Abarth Punto,9.72,Lakhs,2018-01-18 04:22:16.897903
Fiat Urban Cross,6.82,Lakhs,2018-01-18 04:22:16.897903
Fiat Abarth 595,29.48,Lakhs,2018-01-18 04:22:16.897903
Fiat Linea Classic,6.56,Lakhs,2018-01-18 04:22:16.897903
Force Motors Gurkha,9.15,Lakhs,2018-01-18 04:22:16.927
Ford EcoSport,7.66,Lakhs,2018-01-18 04:22:16.938004
Ford Figo,4.99,Lakhs,2018-01-18 04:22:16.938004
Ford Endeavour,25.6,Lakhs,2018-01-18 04:22:16.938004
Ford Aspire,5.57,Lakhs,2018-01-18 04:22:16.938004
Ford Mustang,71.62,Lakhs,2018-01-18 04:22:16.938004
Honda City,8.85,Lakhs,2018-01-18 04:22:16.997493
Honda Amaze,5.69,Lakhs,2018-01-18 04:22:16.997493
Honda WR-V,7.86,Lakhs,2018-01-18 04:22:16.997493
Honda Jazz,6.02,Lakhs,2018-01-18 04:22:16.997493
Honda BR-V,9.21,Lakhs,2018-01-18 04:22:16.997493
Honda Brio,4.78,Lakhs,2018-01-18 04:22:16.997493
Honda CR-V,24.61,Lakhs,2018-01-18 04:22:16.997493
Honda Accord,44.46,Lakhs,2018-01-18 04:22:16.997493
Hyundai Elite i20,5.29,Lakhs,2018-01-18 04:22:17.223742
Hyundai Verna,7.8,Lakhs,2018-01-18 04:22:17.223742
Hyundai Creta,9.29,Lakhs,2018-01-18 04:22:17.223742
Hyundai Grand i10,4.61,Lakhs,2018-01-18 04:22:17.223742
Hyundai Eon,3.31,Lakhs,2018-01-18 04:22:17.223742
Hyundai Xcent,5.43,Lakhs,2018-01-18 04:22:17.223742
Hyundai i20 Active,6.75,Lakhs,2018-01-18 04:22:17.223742
Hyundai Elantra,12.98,Lakhs,2018-01-18 04:22:17.223742
Hyundai Tucson,18,Lakhs,2018-01-18 04:22:17.223742
Isuzu D-Max V-Cross,14.32,Lakhs,2018-01-18 04:22:17.267236
Isuzu MU-X,24.79,Lakhs,2018-01-18 04:22:17.267236
Jaguar XE,35.83,Lakhs,2018-01-18 04:22:17.324794
Jaguar XJ L,99.56,Lakhs,2018-01-18 04:22:17.324794
Jaguar XF,46.51,Lakhs,2018-01-18 04:22:17.324794
Jaguar F-Pace,60.03,Lakhs,2018-01-18 04:22:17.324794
Jaguar F-Type,1.29,Crores,2018-01-18 04:22:17.324794
Jeep Compass,15.19,Lakhs,2018-01-18 04:22:17.354967
Jeep Wrangler,58.06,Lakhs,2018-01-18 04:22:17.354967
Jeep Grand Cherokee,75.15,Lakhs,2018-01-18 04:22:17.354967
Lamborghini Urus,3,Crores,2018-01-18 04:22:17.381393
Lamborghini Aventador,4.76,Crores,2018-01-18 04:22:17.381393
Lamborghini Huracan,2.91,Crores,2018-01-18 04:22:17.381393
Land Rover Range Rover Evoque,44.44,Lakhs,2018-01-18 04:22:17.399408
Land Rover Discovery Sport,42.1,Lakhs,2018-01-18 04:22:17.399408
Land Rover Range Rover,1.66,Crores,2018-01-18 04:22:17.399408
Land Rover Range Rover Velar,78.83,Lakhs,2018-01-18 04:22:17.399408
Land Rover Range Rover Sport,93.81,Lakhs,2018-01-18 04:22:17.399408
Land Rover Discovery,71.62,Lakhs,2018-01-18 04:22:17.399408
Lexus NX,53.18,Lakhs,2018-01-18 04:22:17.418488
Lexus LX,2.3,Crores,2018-01-18 04:22:17.418488
Lexus LS,1.77,Crores,2018-01-18 04:22:17.418488
Lexus ES,56.8,Lakhs,2018-01-18 04:22:17.418488
Lexus RX,1.15,Crores,2018-01-18 04:22:17.418488
Mahindra Scorpio,9.98,Lakhs,2018-01-18 04:22:17.443622
Mahindra Bolero,7.11,Lakhs,2018-01-18 04:22:17.443622
Mahindra KUV100 NXT,4.53,Lakhs,2018-01-18 04:22:17.443622
Mahindra XUV500,12.69,Lakhs,2018-01-18 04:22:17.443622
Mahindra Thar,6.37,Lakhs,2018-01-18 04:22:17.443622
Mahindra TUV300,7.75,Lakhs,2018-01-18 04:22:17.443622
Mahindra Xylo,9.14,Lakhs,2018-01-18 04:22:17.443622
Mahindra e2o Plus,7.9,Lakhs,2018-01-18 04:22:17.443622
Mahindra NuvoSport,7.93,Lakhs,2018-01-18 04:22:17.443622
Mahindra Verito,7.42,Lakhs,2018-01-18 04:22:17.443622
Mahindra Scorpio Getaway,9.26,Lakhs,2018-01-18 04:22:17.443622
Mahindra Verito Vibe CS,6.52,Lakhs,2018-01-18 04:22:17.443622
Maruti Suzuki Baleno,5.41,Lakhs,2018-01-18 04:22:17.475094
Maruti Suzuki Dzire,5.53,Lakhs,2018-01-18 04:22:17.475094
Maruti Suzuki Vitara Brezza,7.4,Lakhs,2018-01-18 04:22:17.475094
Maruti Suzuki Swift,4.89,Lakhs,2018-01-18 04:22:17.475094
Maruti Suzuki Alto 800,2.63,Lakhs,2018-01-18 04:22:17.475094
Maruti Suzuki Ertiga,6.68,Lakhs,2018-01-18 04:22:17.475094
Maruti Suzuki Alto K10,3.43,Lakhs,2018-01-18 04:22:17.475094
Maruti Suzuki Celerio,4.29,Lakhs,2018-01-18 04:22:17.475094
Maruti Suzuki Ciaz,8,Lakhs,2018-01-18 04:22:17.475094
Maruti Suzuki Ignis,4.66,Lakhs,2018-01-18 04:22:17.475094
Maruti Suzuki Wagon R 1.0,4.26,Lakhs,2018-01-18 04:22:17.475094
Maruti Suzuki S-Cross,8.56,Lakhs,2018-01-18 04:22:17.475094
Maruti Suzuki Celerio X,4.66,Lakhs,2018-01-18 04:22:17.475094
Maruti Suzuki Eeco,3.47,Lakhs,2018-01-18 04:22:17.475094
Maruti Suzuki Omni,2.86,Lakhs,2018-01-18 04:22:17.475094
Maruti Suzuki Gypsy,6.44,Lakhs,2018-01-18 04:22:17.475094
Maserati Ghibli,1.08,Crores,2018-01-18 04:22:17.501139
Maserati GranTurismo,1.72,Crores,2018-01-18 04:22:17.501139
Maserati Quattroporte,1.44,Crores,2018-01-18 04:22:17.501139
Maserati GranCabrio,1.98,Crores,2018-01-18 04:22:17.501139
Mercedes-Benz CLA,31.72,Lakhs,2018-01-18 04:22:17.514147
Mercedes-Benz C-Class,39.89,Lakhs,2018-01-18 04:22:17.514147
Mercedes-Benz GLA,31.72,Lakhs,2018-01-18 04:22:17.514147
Mercedes-Benz E-Class,56.08,Lakhs,2018-01-18 04:22:17.514147
Mercedes-Benz A-Class,27.62,Lakhs,2018-01-18 04:22:17.514147
Mercedes-Benz S-Class,1.19,Crores,2018-01-18 04:22:17.514147
Mercedes-Benz GLC,48.12,Lakhs,2018-01-18 04:22:17.514147
Mercedes-Benz GLS,82.81,Lakhs,2018-01-18 04:22:17.514147
Mercedes-Benz G-Class,2.19,Crores,2018-01-18 04:22:17.514147
Mercedes-Benz GLE,64.06,Lakhs,2018-01-18 04:22:17.514147
Mercedes-Benz AMG GT,2.09,Crores,2018-01-18 04:22:17.514147
Mercedes-Benz M-Class,2.31,Crores,2018-01-18 04:22:17.514147
Mercedes-Benz B-Class,29.66,Lakhs,2018-01-18 04:22:17.514147
Mercedes-Benz C-Class Cabriolet,62.89,Lakhs,2018-01-18 04:22:17.514147
Mercedes-Benz GLC Coupe,77.42,Lakhs,2018-01-18 04:22:17.514147
Mercedes-Benz CLS,73.95,Lakhs,2018-01-18 04:22:17.514147
Mercedes-Benz S-Coupe,1.97,Crores,2018-01-18 04:22:17.514147
Mercedes-Benz GLE Coupe,96.09,Lakhs,2018-01-18 04:22:17.514147
Mercedes-Benz SLC,82.18,Lakhs,2018-01-18 04:22:17.514147
Mercedes-Benz S-Class Cabriolet,2.32,Crores,2018-01-18 04:22:17.514147
Mercedes-Benz E-Class Cabriolet,77.25,Lakhs,2018-01-18 04:22:17.514147
Mini Cooper,28.75,Lakhs,2018-01-18 04:22:17.534199
Mini Cooper Convertible,33.2,Lakhs,2018-01-18 04:22:17.534199
Mini Clubman,36.5,Lakhs,2018-01-18 04:22:17.534199
Mini Countryman,35.05,Lakhs,2018-01-18 04:22:17.534199
Mitsubishi Pajero Sport,27.5,Lakhs,2018-01-18 04:22:17.546231
Mitsubishi Montero,68.61,Lakhs,2018-01-18 04:22:17.546231
Nissan Sunny,6.99,Lakhs,2018-01-18 04:22:17.558266
Nissan Micra,5.99,Lakhs,2018-01-18 04:22:17.558266
Nissan Terrano,9.98,Lakhs,2018-01-18 04:22:17.558266
Nissan Micra Active,4.64,Lakhs,2018-01-18 04:22:17.558266
Nissan GT-R,2.09,Crores,2018-01-18 04:22:17.558266
Porsche 718,77.53,Lakhs,2018-01-18 04:22:17.586104
Porsche Cayenne,97.12,Lakhs,2018-01-18 04:22:17.586104
Porsche Macan,71.32,Lakhs,2018-01-18 04:22:17.586104
Porsche 911,1.39,Crores,2018-01-18 04:22:17.586104
Porsche Panamera,1.97,Crores,2018-01-18 04:22:17.586104
Renault Kwid,2.77,Lakhs,2018-01-18 04:22:17.602174
Renault Duster,8.65,Lakhs,2018-01-18 04:22:17.602174
Renault Captur,10,Lakhs,2018-01-18 04:22:17.602174
Renault Lodgy,8.47,Lakhs,2018-01-18 04:22:17.602174
Rolls-Royce Phantom,6.52,Crores,2018-01-18 04:22:17.624666
Rolls-Royce Phantom Coupe,7.06,Crores,2018-01-18 04:22:17.624666
Rolls-Royce Ghost Series II,4.48,Crores,2018-01-18 04:22:17.624666
Rolls-Royce Wraith,5,Crores,2018-01-18 04:22:17.624666
Rolls-Royce Drophead Coupe,7.6,Crores,2018-01-18 04:22:17.624666
Rolls-Royce Dawn,5.94,Crores,2018-01-18 04:22:17.624666
Skoda Rapid,8.33,Lakhs,2018-01-18 04:22:17.639707
Skoda Octavia,15.72,Lakhs,2018-01-18 04:22:17.639707
Skoda Kodiaq,34.5,Lakhs,2018-01-18 04:22:17.639707
Skoda Superb,25.09,Lakhs,2018-01-18 04:22:17.639707
Ssangyong Rexton,23.71,Lakhs,2018-01-18 04:22:17.653744
Tata Tiago,3.33,Lakhs,2018-01-18 04:22:17.692614
Tata Nexon,5.95,Lakhs,2018-01-18 04:22:17.692614
Tata Tigor,4.76,Lakhs,2018-01-18 04:22:17.692614
Tata Hexa,11.84,Lakhs,2018-01-18 04:22:17.692614
Tata Safari Storme,10.36,Lakhs,2018-01-18 04:22:17.692614
Tata Zest,5.27,Lakhs,2018-01-18 04:22:17.692614
Tata Sumo Gold,7.17,Lakhs,2018-01-18 04:22:17.692614
Tata Indigo eCS,6.02,Lakhs,2018-01-18 04:22:17.692614
Tata Nano GenX,2.37,Lakhs,2018-01-18 04:22:17.692614
Tata Bolt,4.7,Lakhs,2018-01-18 04:22:17.692614
Tata Nano,2.86,Lakhs,2018-01-18 04:22:17.692614
Tata Venture,4.93,Lakhs,2018-01-18 04:22:17.692614
Tata Indica eV2,5.04,Lakhs,2018-01-18 04:22:17.692614
Toyota Innova Crysta,13.99,Lakhs,2018-01-18 04:22:17.721861
Toyota Fortuner,26.13,Lakhs,2018-01-18 04:22:17.721861
Toyota Etios Liva,5.57,Lakhs,2018-01-18 04:22:17.721861
Toyota Corolla Altis,15.74,Lakhs,2018-01-18 04:22:17.721861
Toyota Platinum Etios,6.89,Lakhs,2018-01-18 04:22:17.721861
Toyota Land Cruiser,1.37,Crores,2018-01-18 04:22:17.721861
Toyota Etios Cross,6.51,Lakhs,2018-01-18 04:22:17.721861
Toyota Camry,37.43,Lakhs,2018-01-18 04:22:17.721861
Toyota Land Cruiser Prado,90.51,Lakhs,2018-01-18 04:22:17.721861
Toyota Prius,44.62,Lakhs,2018-01-18 04:22:17.721861
Volkswagen Polo,5.48,Lakhs,2018-01-18 04:22:17.737878
Volkswagen Ameo,5.56,Lakhs,2018-01-18 04:22:17.737878
Volkswagen Vento,8.26,Lakhs,2018-01-18 04:22:17.737878
Volkswagen Passat,30.03,Lakhs,2018-01-18 04:22:17.737878
Volkswagen Tiguan,27.52,Lakhs,2018-01-18 04:22:17.737878
Volkswagen GTI,20.71,Lakhs,2018-01-18 04:22:17.737878
Volvo XC60,55.9,Lakhs,2018-01-18 04:22:17.780651
Volvo XC90,76.49,Lakhs,2018-01-18 04:22:17.780651
Volvo V40,27.71,Lakhs,2018-01-18 04:22:17.780651
Volvo S60,32.65,Lakhs,2018-01-18 04:22:17.780651
Volvo S90,57.97,Lakhs,2018-01-18 04:22:17.780651
Volvo V90 Cross Country,64,Lakhs,2018-01-18 04:22:17.780651
Volvo V40 Cross Country,29.62,Lakhs,2018-01-18 04:22:17.780651
